task,architecture,ok,score,correctness,groundedness,hallucination_rate,elapsed_seconds,tool_recall,tool_precision,total_tool_calls,distractor_call_count,fabricated_call_count,error
finance-budget-detail-10,enterprise-categorized-search,True,0.0,0.0,0.0,1.0,2.89,0.0,1.0,1,0,0,
finance-budget-detail-10,enterprise-codemode,True,0.7742,0.8,0.75,0.25,14.74,1.0,0.625,16,0,6,
finance-budget-detail-10,enterprise-codemode-120,False,0.0,0.0,0.0,1.0,13.32,0.0,0.0,0,0,0,UnexpectedModelBehavior: Tool 'get_budget' exceeded max retries count of 3
finance-budget-detail-10,enterprise-codemode-categorized-search,True,1.0,1.0,1.0,0.0,20.21,1.0,0.4545,11,0,6,
finance-budget-detail-10,enterprise-codemode-thinking,True,0.7742,0.8,0.75,0.25,7.21,1.0,0.7143,7,0,2,
finance-budget-detail-10,enterprise-codemode-toolsearch,True,0.7742,0.8,0.75,0.25,12.21,1.0,1.0,8,0,0,
finance-budget-detail-10,enterprise-codemode-toolsearch-120,True,0.7742,0.8,0.75,0.25,9.35,1.0,1.0,4,0,0,
finance-budget-detail-10,enterprise-mcp-codemode,True,0.7742,0.8,0.75,0.25,6.69,1.0,0.6,5,0,2,
finance-budget-detail-10,enterprise-mcp-react,True,0.7742,0.8,0.75,0.25,5.42,1.0,1.0,2,0,0,
finance-budget-detail-10,enterprise-mcp-react-120,False,0.0,0.0,0.0,1.0,0.06,0.0,0.0,0,0,0,"ModelHTTPError: status_code: 400, model_name: qwen/qwen3.6-35b-a3b, body: The number of tokens to keep from the initial prompt is greater than the context length. Try to load the model with a larger context length, or provide a shorter input"
finance-budget-detail-10,enterprise-mcp-react-native,False,0.0,0.0,0.0,1.0,0.01,0.0,0.0,0,0,0,RuntimeError: enterprise-mcp-react-native requires ENTERPRISE_MCP_PUBLIC_URL to be set. Native MCP tool calls are made server-side by the model provider (Anthropic / OpenAI / xAI) -- localhost is not reachable from their servers. Run `uv run python -m agent_harness.mcp_server` with a streamable-HTTP transport behind a public tunnel (e.g. ngrok) and point ENTERPRISE_MCP_PUBLIC_URL at it. See README 'MCP server' section.
finance-budget-detail-10,enterprise-react,True,0.1509,0.8,0.0833,0.9167,11.29,1.0,1.0,4,0,0,
finance-budget-detail-10,enterprise-react-120,False,0.0,0.0,0.0,1.0,0.08,0.0,0.0,0,0,0,"ModelHTTPError: status_code: 400, model_name: qwen/qwen3.6-35b-a3b, body: The number of tokens to keep from the initial prompt is greater than the context length. Try to load the model with a larger context length, or provide a shorter input"
finance-budget-detail-10,enterprise-react-thinking,True,0.7742,0.8,0.75,0.25,8.46,1.0,1.0,3,0,0,
finance-budget-detail-10,enterprise-react-toolsearch,True,0.7742,0.8,0.75,0.25,14.41,1.0,1.0,6,0,0,
finance-budget-detail-10,enterprise-react-toolsearch-120,True,1.0,1.0,1.0,0.0,4.52,1.0,1.0,2,0,0,
finance-budget-detail-10,enterprise-sql-codemode,True,0.7742,0.8,0.75,0.25,8.93,1.0,0.5,8,0,4,
finance-budget-detail-10,enterprise-sql-react,True,0.7742,0.8,0.75,0.25,4.69,1.0,1.0,2,0,0,
finance-budget-detail-10,minimal,True,0.3333,0.2,1.0,0.0,52.0,0.0,0.0,0,0,0,
finance-budget-variance-10,enterprise-categorized-search,True,0.8276,0.8571,0.8,0.2,6.47,1.0,1.0,4,0,0,
finance-budget-variance-10,enterprise-codemode,True,0.5455,0.4286,0.75,0.25,15.45,1.0,0.7143,7,0,2,
finance-budget-variance-10,enterprise-codemode-categorized-search,True,0.1819,0.1429,0.25,0.75,26.95,0.0,0.1429,7,0,6,
finance-budget-variance-10,enterprise-codemode-thinking,True,0.5455,0.4286,0.75,0.25,20.23,1.0,0.6,15,0,6,
finance-budget-variance-10,enterprise-codemode-toolsearch,True,0.5455,0.4286,0.75,0.25,229.42,1.0,0.8261,23,0,4,
finance-budget-variance-10,enterprise-codemode-toolsearch-120,True,0.5455,0.4286,0.75,0.25,23.65,1.0,0.5,8,3,0,
finance-budget-variance-10,enterprise-mcp-codemode,True,0.5455,0.4286,0.75,0.25,8.86,1.0,0.6,5,0,2,
finance-budget-variance-10,enterprise-mcp-react,True,0.5455,0.4286,0.75,0.25,13.49,1.0,1.0,2,0,0,
finance-budget-variance-10,enterprise-react,True,0.5455,0.4286,0.75,0.25,12.58,1.0,1.0,2,0,0,
finance-budget-variance-10,enterprise-react-thinking,True,0.0,0.0,0.0,1.0,16.55,1.0,1.0,2,0,0,
finance-budget-variance-10,enterprise-react-toolsearch,True,0.5455,0.4286,0.75,0.25,21.28,1.0,1.0,4,0,0,
finance-budget-variance-10,enterprise-react-toolsearch-120,True,0.8276,0.8571,0.8,0.2,6.22,1.0,1.0,2,0,0,
finance-budget-variance-10,enterprise-sql-codemode,True,0.5455,0.4286,0.75,0.25,10.47,1.0,0.6,5,0,2,
finance-budget-variance-10,enterprise-sql-react,True,0.0,0.0,0.0,1.0,5.23,1.0,1.0,2,0,0,
finance-budget-variance-10,minimal,True,0.1819,0.1429,0.25,0.75,21.4,0.0,0.0,0,0,0,
finance-capex-summary-2025,enterprise-categorized-search,True,1.0,1.0,1.0,0.0,8.22,1.0,1.0,4,0,0,
finance-capex-summary-2025,enterprise-codemode,True,1.0,1.0,1.0,0.0,14.29,1.0,0.5714,7,0,3,
finance-capex-summary-2025,enterprise-codemode-120,False,0.0,0.0,0.0,1.0,16.18,0.0,0.0,0,0,0,UnexpectedModelBehavior: Tool 'get_capex_summary' exceeded max retries count of 3
finance-capex-summary-2025,enterprise-codemode-categorized-search,True,1.0,1.0,1.0,0.0,11.72,1.0,0.5556,9,0,4,
finance-capex-summary-2025,enterprise-codemode-thinking,True,1.0,1.0,1.0,0.0,11.93,1.0,0.6667,6,0,2,
finance-capex-summary-2025,enterprise-codemode-toolsearch,True,1.0,1.0,1.0,0.0,14.22,1.0,1.0,8,0,0,
finance-capex-summary-2025,enterprise-codemode-toolsearch-120,True,1.0,1.0,1.0,0.0,18.0,1.0,1.0,4,0,0,
finance-capex-summary-2025,enterprise-mcp-codemode,False,0.0,0.0,0.0,1.0,13.02,0.0,0.0,0,0,0,UnexpectedModelBehavior: Tool 'tool_list_tables' exceeded max retries count of 3
finance-capex-summary-2025,enterprise-mcp-react,True,1.0,1.0,1.0,0.0,14.89,1.0,1.0,5,0,0,
finance-capex-summary-2025,enterprise-mcp-react-120,False,0.0,0.0,0.0,1.0,0.06,0.0,0.0,0,0,0,"ModelHTTPError: status_code: 400, model_name: qwen/qwen3.6-35b-a3b, body: The number of tokens to keep from the initial prompt is greater than the context length. Try to load the model with a larger context length, or provide a shorter input"
finance-capex-summary-2025,enterprise-mcp-react-native,False,0.0,0.0,0.0,1.0,0.01,0.0,0.0,0,0,0,RuntimeError: enterprise-mcp-react-native requires ENTERPRISE_MCP_PUBLIC_URL to be set. Native MCP tool calls are made server-side by the model provider (Anthropic / OpenAI / xAI) -- localhost is not reachable from their servers. Run `uv run python -m agent_harness.mcp_server` with a streamable-HTTP transport behind a public tunnel (e.g. ngrok) and point ENTERPRISE_MCP_PUBLIC_URL at it. See README 'MCP server' section.
finance-capex-summary-2025,enterprise-react,True,1.0,1.0,1.0,0.0,16.84,1.0,1.0,5,0,0,
finance-capex-summary-2025,enterprise-react-120,False,0.0,0.0,0.0,1.0,0.1,0.0,0.0,0,0,0,"ModelHTTPError: status_code: 400, model_name: qwen/qwen3.6-35b-a3b, body: The number of tokens to keep from the initial prompt is greater than the context length. Try to load the model with a larger context length, or provide a shorter input"
finance-capex-summary-2025,enterprise-react-thinking,True,1.0,1.0,1.0,0.0,11.28,1.0,1.0,2,0,0,
finance-capex-summary-2025,enterprise-react-toolsearch,True,0.0,0.0,0.0,1.0,14.92,0.0,1.0,1,0,0,
finance-capex-summary-2025,enterprise-react-toolsearch-120,True,1.0,1.0,1.0,0.0,8.11,1.0,1.0,2,0,0,
finance-capex-summary-2025,enterprise-sql-codemode,True,0.5862,0.7083,0.5,0.5,23.16,1.0,0.625,16,0,6,
finance-capex-summary-2025,enterprise-sql-react,True,0.5862,0.7083,0.5,0.5,12.87,1.0,1.0,5,0,0,
finance-capex-summary-2025,minimal,True,0.0,0.0,0.0,1.0,23.63,0.0,0.0,0,0,0,
finance-expense-breakdown-2025,enterprise-categorized-search,True,1.0,1.0,1.0,0.0,6.89,1.0,1.0,4,0,0,
finance-expense-breakdown-2025,enterprise-codemode,True,0.8,0.6667,1.0,0.0,8.97,1.0,0.6,5,0,2,
finance-expense-breakdown-2025,enterprise-codemode-categorized-search,True,0.0,0.0,0.0,1.0,53.8,0.0,0.2308,13,0,10,
finance-expense-breakdown-2025,enterprise-codemode-thinking,True,0.8,0.6667,1.0,0.0,19.56,1.0,0.625,16,0,6,
finance-expense-breakdown-2025,enterprise-codemode-toolsearch,False,0.0,0.0,0.0,1.0,18.32,0.0,0.0,0,0,0,UnexpectedModelBehavior: Tool 'search_tools' exceeded max retries count of 1
finance-expense-breakdown-2025,enterprise-codemode-toolsearch-120,False,0.0,0.0,0.0,1.0,180.0,0.0,0.0,0,0,0,"TimeoutError: run exceeded 180s wall-clock cap (hung, killed by benchmark harness)"
finance-expense-breakdown-2025,enterprise-mcp-codemode,True,0.8,0.6667,1.0,0.0,8.52,1.0,0.6,5,0,2,
finance-expense-breakdown-2025,enterprise-mcp-react,True,0.8,0.6667,1.0,0.0,6.84,1.0,1.0,2,0,0,
finance-expense-breakdown-2025,enterprise-react,True,0.8,0.6667,1.0,0.0,8.65,1.0,1.0,2,0,0,
finance-expense-breakdown-2025,enterprise-react-thinking,True,0.8,0.6667,1.0,0.0,9.26,1.0,1.0,2,0,0,
finance-expense-breakdown-2025,enterprise-react-toolsearch,True,0.0,0.0,0.0,1.0,36.07,0.0,1.0,4,0,0,
finance-expense-breakdown-2025,enterprise-react-toolsearch-120,True,0.8,0.6667,1.0,0.0,7.13,1.0,1.0,2,0,0,
finance-expense-breakdown-2025,enterprise-sql-codemode,True,0.8,0.6667,1.0,0.0,8.28,1.0,0.625,8,0,3,
finance-expense-breakdown-2025,enterprise-sql-react,True,0.8,0.6667,1.0,0.0,7.19,1.0,1.0,3,0,0,
finance-expense-breakdown-2025,minimal,True,0.0,0.0,0.0,1.0,18.86,0.0,0.0,0,0,0,
finance-forecast-vs-actual-rd-2025,enterprise-categorized-search,True,0.883,0.9,0.8667,0.1333,8.31,1.0,1.0,4,0,0,
finance-forecast-vs-actual-rd-2025,enterprise-codemode,True,0.4,0.5,0.3333,0.6667,31.61,1.0,0.5,20,0,10,
finance-forecast-vs-actual-rd-2025,enterprise-codemode-categorized-search,True,0.883,0.9,0.8667,0.1333,16.0,1.0,0.4545,11,0,6,
finance-forecast-vs-actual-rd-2025,enterprise-codemode-thinking,True,0.883,0.9,0.8667,0.1333,31.09,1.0,0.4444,18,0,10,
finance-forecast-vs-actual-rd-2025,enterprise-codemode-toolsearch,True,0.883,0.9,0.8667,0.1333,12.4,1.0,0.8333,6,0,0,
finance-forecast-vs-actual-rd-2025,enterprise-codemode-toolsearch-120,True,0.883,0.9,0.8667,0.1333,20.69,1.0,1.0,4,0,0,
finance-forecast-vs-actual-rd-2025,enterprise-mcp-codemode,True,0.883,0.9,0.8667,0.1333,19.82,1.0,0.6,20,0,8,
finance-forecast-vs-actual-rd-2025,enterprise-mcp-react,True,0.883,0.9,0.8667,0.1333,17.04,1.0,1.0,8,0,0,
finance-forecast-vs-actual-rd-2025,enterprise-react,True,0.883,0.9,0.8667,0.1333,15.43,1.0,1.0,4,0,0,
finance-forecast-vs-actual-rd-2025,enterprise-react-thinking,True,0.883,0.9,0.8667,0.1333,16.07,1.0,1.0,3,0,0,
finance-forecast-vs-actual-rd-2025,enterprise-react-toolsearch,True,0.0,0.0,0.0,1.0,16.51,0.0,1.0,1,0,0,
finance-forecast-vs-actual-rd-2025,enterprise-react-toolsearch-120,True,0.883,0.9,0.8667,0.1333,7.78,1.0,1.0,2,0,0,
finance-forecast-vs-actual-rd-2025,enterprise-sql-codemode,True,0.883,0.9,0.8667,0.1333,16.22,1.0,0.6,20,0,8,
finance-forecast-vs-actual-rd-2025,enterprise-sql-react,True,0.4,0.5,0.3333,0.6667,11.74,1.0,1.0,6,0,0,
finance-forecast-vs-actual-rd-2025,minimal,True,0.0572,0.05,0.0667,0.9333,23.88,0.0,0.0,0,0,0,
finance-search-department-expenses-rd,enterprise-categorized-search,True,0.6557,1.0,0.4878,0.5122,18.23,1.0,1.0,4,0,0,
finance-search-department-expenses-rd,enterprise-codemode,True,0.0721,0.21,0.0435,0.9565,108.25,1.0,0.5833,36,0,15,
finance-search-department-expenses-rd,enterprise-codemode-categorized-search,True,0.0919,0.21,0.0588,0.9412,25.51,0.0,0.25,4,0,3,
finance-search-department-expenses-rd,enterprise-codemode-thinking,True,0.5411,0.8,0.4088,0.5912,43.56,1.0,0.5714,7,0,3,
finance-search-department-expenses-rd,enterprise-codemode-toolsearch,False,0.0,0.0,0.0,1.0,8.71,0.0,0.0,0,0,0,UnexpectedModelBehavior: Tool 'execute_sql' exceeded max retries count of 3
finance-search-department-expenses-rd,enterprise-codemode-toolsearch-120,True,0.2061,0.27,0.1667,0.8333,28.51,1.0,0.625,8,2,0,
finance-search-department-expenses-rd,enterprise-mcp-codemode,False,0.0,0.0,0.0,1.0,16.28,0.0,0.0,0,0,0,UnexpectedModelBehavior: Tool 'tool_list_tables' exceeded max retries count of 3
finance-search-department-expenses-rd,enterprise-mcp-react,False,0.0,0.0,0.0,1.0,99.79,0.0,0.0,0,0,0,UsageLimitExceeded: The next request would exceed the request_limit of 50
finance-search-department-expenses-rd,enterprise-react,False,0.0,0.0,0.0,1.0,54.59,0.0,0.0,0,0,0,UsageLimitExceeded: The next request would exceed the request_limit of 50
finance-search-department-expenses-rd,enterprise-react-thinking,False,0.0,0.0,0.0,1.0,142.29,0.0,0.0,0,0,0,UsageLimitExceeded: The next request would exceed the request_limit of 50
finance-search-department-expenses-rd,enterprise-react-toolsearch,True,0.4415,0.83,0.3007,0.6993,61.63,1.0,1.0,5,0,0,
finance-search-department-expenses-rd,enterprise-react-toolsearch-120,True,0.6557,1.0,0.4878,0.5122,15.57,1.0,1.0,2,0,0,
finance-search-department-expenses-rd,enterprise-sql-codemode,True,0.4279,0.74,0.301,0.699,71.32,1.0,0.4571,35,0,19,
finance-search-department-expenses-rd,enterprise-sql-react,True,0.5411,0.8,0.4088,0.5912,38.52,1.0,1.0,5,0,0,
finance-search-department-expenses-rd,minimal,True,0.0,0.2,0.0,1.0,34.25,0.0,0.0,0,0,0,
marketing-campaign-detail-5,enterprise-categorized-search,True,0.4,1.0,0.25,0.75,6.02,1.0,1.0,4,0,0,
marketing-campaign-detail-5,enterprise-codemode,True,0.4,1.0,0.25,0.75,11.23,1.0,0.7143,7,0,2,
marketing-campaign-detail-5,enterprise-codemode-120,False,0.0,0.0,0.0,1.0,17.83,0.0,0.0,0,0,0,UnexpectedModelBehavior: Tool 'get_campaign' exceeded max retries count of 3
marketing-campaign-detail-5,enterprise-codemode-categorized-search,True,0.4,1.0,0.25,0.75,11.98,1.0,0.6,10,0,4,
marketing-campaign-detail-5,enterprise-codemode-thinking,True,0.4,1.0,0.25,0.75,10.96,1.0,0.6,5,0,2,
marketing-campaign-detail-5,enterprise-codemode-toolsearch,True,0.4,1.0,0.25,0.75,9.8,1.0,1.0,4,0,0,
marketing-campaign-detail-5,enterprise-codemode-toolsearch-120,True,0.4,1.0,0.25,0.75,12.58,1.0,0.6667,3,0,0,
marketing-campaign-detail-5,enterprise-mcp-codemode,True,0.4,1.0,0.25,0.75,13.1,1.0,0.6,5,0,2,
marketing-campaign-detail-5,enterprise-mcp-react,True,0.4,1.0,0.25,0.75,8.4,1.0,1.0,2,0,0,
marketing-campaign-detail-5,enterprise-mcp-react-120,False,0.0,0.0,0.0,1.0,0.06,0.0,0.0,0,0,0,"ModelHTTPError: status_code: 400, model_name: qwen/qwen3.6-35b-a3b, body: The number of tokens to keep from the initial prompt is greater than the context length. Try to load the model with a larger context length, or provide a shorter input"
marketing-campaign-detail-5,enterprise-mcp-react-native,False,0.0,0.0,0.0,1.0,0.01,0.0,0.0,0,0,0,RuntimeError: enterprise-mcp-react-native requires ENTERPRISE_MCP_PUBLIC_URL to be set. Native MCP tool calls are made server-side by the model provider (Anthropic / OpenAI / xAI) -- localhost is not reachable from their servers. Run `uv run python -m agent_harness.mcp_server` with a streamable-HTTP transport behind a public tunnel (e.g. ngrok) and point ENTERPRISE_MCP_PUBLIC_URL at it. See README 'MCP server' section.
marketing-campaign-detail-5,enterprise-react,True,0.4,1.0,0.25,0.75,7.27,1.0,1.0,2,0,0,
marketing-campaign-detail-5,enterprise-react-120,False,0.0,0.0,0.0,1.0,0.1,0.0,0.0,0,0,0,"ModelHTTPError: status_code: 400, model_name: qwen/qwen3.6-35b-a3b, body: The number of tokens to keep from the initial prompt is greater than the context length. Try to load the model with a larger context length, or provide a shorter input"
marketing-campaign-detail-5,enterprise-react-thinking,True,0.4,1.0,0.25,0.75,7.99,1.0,1.0,2,0,0,
marketing-campaign-detail-5,enterprise-react-toolsearch,True,0.3333,0.2,1.0,0.0,17.93,0.0,1.0,2,0,0,
marketing-campaign-detail-5,enterprise-react-toolsearch-120,True,0.4,1.0,0.25,0.75,5.03,1.0,1.0,2,0,0,
marketing-campaign-detail-5,enterprise-sql-codemode,True,0.4,1.0,0.25,0.75,9.41,1.0,0.5556,9,0,4,
marketing-campaign-detail-5,enterprise-sql-react,True,0.4,1.0,0.25,0.75,4.92,1.0,1.0,3,0,0,
marketing-campaign-detail-5,minimal,True,0.2222,0.2,0.25,0.75,24.49,0.0,0.0,0,0,0,
marketing-campaign-roi-5,enterprise-categorized-search,True,0.0,0.0,0.0,1.0,3.95,0.0,1.0,2,0,0,
marketing-campaign-roi-5,enterprise-codemode,True,0.1818,0.1,1.0,0.0,11.11,1.0,0.5,6,0,3,
marketing-campaign-roi-5,enterprise-codemode-categorized-search,True,0.3333,0.2,1.0,0.0,6.54,1.0,0.5556,9,0,4,
marketing-campaign-roi-5,enterprise-codemode-thinking,True,0.3333,0.2,1.0,0.0,16.9,1.0,0.5556,9,0,4,
marketing-campaign-roi-5,enterprise-codemode-toolsearch,True,0.0,0.0,1.0,0.0,9.0,0.0,1.0,2,0,0,
marketing-campaign-roi-5,enterprise-codemode-toolsearch-120,True,0.1818,0.1,1.0,0.0,30.58,1.0,0.875,8,0,0,
marketing-campaign-roi-5,enterprise-mcp-codemode,False,0.0,0.0,0.0,1.0,29.85,0.0,0.0,0,0,0,UnexpectedModelBehavior: Tool 'tool_list_tables' exceeded max retries count of 3
marketing-campaign-roi-5,enterprise-mcp-react,True,0.0,0.0,0.0,1.0,39.71,1.0,1.0,5,0,0,
marketing-campaign-roi-5,enterprise-react,True,0.3333,0.2,1.0,0.0,14.92,1.0,1.0,4,0,0,
marketing-campaign-roi-5,enterprise-react-thinking,True,0.1818,0.1,1.0,0.0,28.85,1.0,1.0,5,0,0,
marketing-campaign-roi-5,enterprise-react-toolsearch,True,0.1818,0.1,1.0,0.0,27.24,0.0,1.0,3,0,0,
marketing-campaign-roi-5,enterprise-react-toolsearch-120,True,0.4138,0.3,0.6667,0.3333,7.05,1.0,1.0,2,0,0,
marketing-campaign-roi-5,enterprise-sql-codemode,True,0.0,0.0,0.0,1.0,44.99,1.0,0.5238,21,0,10,
marketing-campaign-roi-5,enterprise-sql-react,True,0.1667,0.1,0.5,0.5,35.27,1.0,1.0,5,0,0,
marketing-campaign-roi-5,minimal,True,0.1667,0.1,0.5,0.5,37.0,0.0,0.0,0,0,0,
marketing-channel-spend-365d,enterprise-categorized-search,True,1.0,1.0,1.0,0.0,6.32,1.0,1.0,4,0,0,
marketing-channel-spend-365d,enterprise-codemode,True,1.0,1.0,1.0,0.0,17.03,1.0,0.6,15,0,6,
marketing-channel-spend-365d,enterprise-codemode-120,False,0.0,0.0,0.0,1.0,20.65,0.0,0.0,0,0,0,UnexpectedModelBehavior: Tool 'get_channel_spend_breakdown' exceeded max retries count of 3
marketing-channel-spend-365d,enterprise-codemode-categorized-search,True,1.0,1.0,1.0,0.0,12.45,1.0,0.6923,13,0,4,
marketing-channel-spend-365d,enterprise-codemode-thinking,True,1.0,1.0,1.0,0.0,19.41,1.0,0.5714,14,0,6,
marketing-channel-spend-365d,enterprise-codemode-toolsearch,True,0.4167,0.5556,0.3333,0.6667,14.32,1.0,1.0,5,0,0,
marketing-channel-spend-365d,enterprise-codemode-toolsearch-120,False,0.0,0.0,0.0,1.0,28.15,0.0,0.0,0,0,0,UnexpectedModelBehavior: Tool 'get_channel_spend_breakdown' exceeded max retries count of 3
marketing-channel-spend-365d,enterprise-mcp-codemode,True,1.0,1.0,1.0,0.0,18.63,1.0,0.5833,12,0,5,
marketing-channel-spend-365d,enterprise-mcp-react,True,1.0,1.0,1.0,0.0,18.69,1.0,1.0,5,0,0,
marketing-channel-spend-365d,enterprise-mcp-react-120,False,0.0,0.0,0.0,1.0,0.07,0.0,0.0,0,0,0,"ModelHTTPError: status_code: 400, model_name: qwen/qwen3.6-35b-a3b, body: The number of tokens to keep from the initial prompt is greater than the context length. Try to load the model with a larger context length, or provide a shorter input"
marketing-channel-spend-365d,enterprise-mcp-react-native,False,0.0,0.0,0.0,1.0,0.01,0.0,0.0,0,0,0,RuntimeError: enterprise-mcp-react-native requires ENTERPRISE_MCP_PUBLIC_URL to be set. Native MCP tool calls are made server-side by the model provider (Anthropic / OpenAI / xAI) -- localhost is not reachable from their servers. Run `uv run python -m agent_harness.mcp_server` with a streamable-HTTP transport behind a public tunnel (e.g. ngrok) and point ENTERPRISE_MCP_PUBLIC_URL at it. See README 'MCP server' section.
marketing-channel-spend-365d,enterprise-react,True,1.0,1.0,1.0,0.0,18.09,1.0,1.0,5,0,0,
marketing-channel-spend-365d,enterprise-react-120,False,0.0,0.0,0.0,1.0,0.1,0.0,0.0,0,0,0,"ModelHTTPError: status_code: 400, model_name: qwen/qwen3.6-35b-a3b, body: The number of tokens to keep from the initial prompt is greater than the context length. Try to load the model with a larger context length, or provide a shorter input"
marketing-channel-spend-365d,enterprise-react-thinking,True,1.0,1.0,1.0,0.0,14.11,1.0,1.0,2,0,0,
marketing-channel-spend-365d,enterprise-react-toolsearch,True,0.0,0.0,1.0,0.0,33.74,0.0,1.0,1,0,0,
marketing-channel-spend-365d,enterprise-react-toolsearch-120,True,1.0,1.0,1.0,0.0,6.61,1.0,1.0,2,0,0,
marketing-channel-spend-365d,enterprise-sql-codemode,True,1.0,1.0,1.0,0.0,13.46,1.0,0.6,10,0,4,
marketing-channel-spend-365d,enterprise-sql-react,True,1.0,1.0,1.0,0.0,11.2,1.0,1.0,5,0,0,
marketing-channel-spend-365d,minimal,True,0.0,0.1111,0.0,1.0,22.7,0.0,0.0,0,0,0,
marketing-funnel-5,enterprise-categorized-search,True,0.4615,0.3,1.0,0.0,5.48,1.0,1.0,4,0,0,
marketing-funnel-5,enterprise-codemode,True,0.0,0.0,0.0,1.0,13.77,1.0,0.5833,12,0,5,
marketing-funnel-5,enterprise-codemode-categorized-search,True,0.9474,1.0,0.9,0.1,25.29,1.0,0.5714,14,0,6,
marketing-funnel-5,enterprise-codemode-thinking,True,0.0645,0.1,0.0476,0.9524,17.82,1.0,0.5714,7,0,3,
marketing-funnel-5,enterprise-codemode-toolsearch,True,0.0,0.0,0.0,1.0,16.65,1.0,0.8333,6,0,1,
marketing-funnel-5,enterprise-codemode-toolsearch-120,True,0.0645,0.1,0.0476,0.9524,21.81,1.0,1.0,6,0,0,
marketing-funnel-5,enterprise-mcp-codemode,False,0.0,0.0,0.0,1.0,7.9,0.0,0.0,0,0,0,UnexpectedModelBehavior: Tool 'tool_list_tables' exceeded max retries count of 3
marketing-funnel-5,enterprise-mcp-react,True,0.0,0.0,0.0,1.0,11.36,1.0,1.0,5,0,0,
marketing-funnel-5,enterprise-react,True,0.0357,0.1,0.0217,0.9783,17.83,1.0,1.0,2,0,0,
marketing-funnel-5,enterprise-react-thinking,True,0.1818,0.1,1.0,0.0,37.66,1.0,1.0,12,0,0,
marketing-funnel-5,enterprise-react-toolsearch,True,0.1818,0.1,1.0,0.0,6.74,0.0,1.0,1,0,0,
marketing-funnel-5,enterprise-react-toolsearch-120,True,0.6154,0.5,0.8,0.2,6.04,1.0,1.0,2,0,0,
marketing-funnel-5,enterprise-sql-codemode,True,0.5556,0.5,0.625,0.375,10.29,1.0,0.5,6,0,3,
marketing-funnel-5,enterprise-sql-react,True,0.0,0.0,0.0,1.0,8.49,1.0,1.0,3,0,0,
marketing-funnel-5,minimal,True,0.1429,0.1,0.25,0.75,15.84,0.0,0.0,0,0,0,
marketing-search-webinar,enterprise-categorized-search,True,0.5161,1.0,0.3478,0.6522,7.96,1.0,1.0,4,0,0,
marketing-search-webinar,enterprise-codemode,True,0.5161,1.0,0.3478,0.6522,6.97,1.0,0.6,5,0,2,
marketing-search-webinar,enterprise-codemode-categorized-search,True,0.6154,0.8,0.5,0.5,12.36,1.0,0.5556,9,0,4,
marketing-search-webinar,enterprise-codemode-thinking,True,0.5161,1.0,0.3478,0.6522,17.37,1.0,0.6667,6,0,2,
marketing-search-webinar,enterprise-codemode-toolsearch,True,0.5161,1.0,0.3478,0.6522,23.89,1.0,0.8182,11,0,2,
marketing-search-webinar,enterprise-codemode-toolsearch-120,True,0.5161,1.0,0.3478,0.6522,20.7,1.0,0.8333,6,0,0,
marketing-search-webinar,enterprise-mcp-codemode,True,0.5161,1.0,0.3478,0.6522,15.96,1.0,0.5,6,0,3,
marketing-search-webinar,enterprise-mcp-react,True,0.5161,1.0,0.3478,0.6522,7.95,1.0,1.0,3,0,0,
marketing-search-webinar,enterprise-react,True,0.5161,1.0,0.3478,0.6522,10.28,1.0,1.0,2,0,0,
marketing-search-webinar,enterprise-react-thinking,True,0.5161,1.0,0.3478,0.6522,7.66,1.0,1.0,2,0,0,
marketing-search-webinar,enterprise-react-toolsearch,True,0.5161,1.0,0.3478,0.6522,19.72,1.0,0.8333,6,0,0,
marketing-search-webinar,enterprise-react-toolsearch-120,True,0.4118,0.35,0.5,0.5,10.96,0.0,0.5,2,1,0,
marketing-search-webinar,enterprise-sql-codemode,True,0.5161,1.0,0.3478,0.6522,14.86,1.0,0.4286,7,0,4,
marketing-search-webinar,enterprise-sql-react,True,0.5161,1.0,0.3478,0.6522,7.19,1.0,1.0,3,0,0,
marketing-search-webinar,minimal,True,0.0,0.2,0.0,1.0,24.66,0.0,0.0,0,0,0,
marketing-top-campaigns-conversion,enterprise-categorized-search,True,0.9091,1.0,0.8333,0.1667,6.74,1.0,1.0,4,0,0,
marketing-top-campaigns-conversion,enterprise-codemode,True,0.6531,0.64,0.6667,0.3333,7.87,1.0,0.6,5,0,2,
marketing-top-campaigns-conversion,enterprise-codemode-categorized-search,True,0.6087,0.56,0.6667,0.3333,30.92,1.0,0.5,12,0,6,
marketing-top-campaigns-conversion,enterprise-codemode-thinking,True,0.6531,0.64,0.6667,0.3333,9.71,1.0,0.6,5,0,2,
marketing-top-campaigns-conversion,enterprise-codemode-toolsearch,True,0.6087,0.56,0.6667,0.3333,8.73,1.0,1.0,5,0,0,
marketing-top-campaigns-conversion,enterprise-codemode-toolsearch-120,False,0.0,0.0,0.0,1.0,52.4,0.0,0.0,0,0,0,UnexpectedModelBehavior: Tool 'get_top_campaigns_by_conversion' exceeded max retries count of 3
marketing-top-campaigns-conversion,enterprise-mcp-codemode,True,0.6531,0.64,0.6667,0.3333,12.29,1.0,0.5,6,0,3,
marketing-top-campaigns-conversion,enterprise-mcp-react,True,0.6087,0.56,0.6667,0.3333,7.27,1.0,1.0,2,0,0,
marketing-top-campaigns-conversion,enterprise-react,True,0.6087,0.56,0.6667,0.3333,8.88,1.0,1.0,2,0,0,
marketing-top-campaigns-conversion,enterprise-react-thinking,True,0.6087,0.56,0.6667,0.3333,6.97,1.0,1.0,2,0,0,
marketing-top-campaigns-conversion,enterprise-react-toolsearch,True,0.6087,0.56,0.6667,0.3333,14.51,1.0,1.0,4,0,0,
marketing-top-campaigns-conversion,enterprise-react-toolsearch-120,True,0.9091,1.0,0.8333,0.1667,6.6,1.0,1.0,2,0,0,
marketing-top-campaigns-conversion,enterprise-sql-codemode,True,0.6087,0.56,0.6667,0.3333,8.67,1.0,0.6,5,0,2,
marketing-top-campaigns-conversion,enterprise-sql-react,True,0.6087,0.56,0.6667,0.3333,10.11,1.0,1.0,4,0,0,
marketing-top-campaigns-conversion,minimal,True,0.0,0.04,0.0,1.0,29.95,0.0,0.0,0,0,0,
procurement-late-deliveries-365d,enterprise-categorized-search,True,0.9697,1.0,0.9412,0.0588,8.07,1.0,1.0,4,0,0,
procurement-late-deliveries-365d,enterprise-codemode,True,0.7442,0.6667,0.8421,0.1579,16.77,1.0,0.6,10,0,4,
procurement-late-deliveries-365d,enterprise-codemode-120,False,0.0,0.0,0.0,1.0,16.66,0.0,0.0,0,0,0,UnexpectedModelBehavior: Tool 'get_late_delivery_report' exceeded max retries count of 3
procurement-late-deliveries-365d,enterprise-codemode-categorized-search,True,0.5333,1.0,0.3636,0.6364,25.02,1.0,0.6923,13,0,4,
procurement-late-deliveries-365d,enterprise-codemode-thinking,True,0.64,0.6667,0.6154,0.3846,19.53,1.0,0.6,10,0,4,
procurement-late-deliveries-365d,enterprise-codemode-toolsearch,True,0.64,0.6667,0.6154,0.3846,17.51,1.0,0.8571,7,0,0,
procurement-late-deliveries-365d,enterprise-codemode-toolsearch-120,True,0.64,0.6667,0.6154,0.3846,23.52,1.0,1.0,6,0,0,
procurement-late-deliveries-365d,enterprise-mcp-codemode,False,0.0,0.0,0.0,1.0,14.68,0.0,0.0,0,0,0,UnexpectedModelBehavior: Tool 'tool_list_tables' exceeded max retries count of 3
procurement-late-deliveries-365d,enterprise-mcp-react,True,0.7442,0.6667,0.8421,0.1579,15.56,1.0,1.0,4,0,0,
procurement-late-deliveries-365d,enterprise-mcp-react-120,False,0.0,0.0,0.0,1.0,0.06,0.0,0.0,0,0,0,"ModelHTTPError: status_code: 400, model_name: qwen/qwen3.6-35b-a3b, body: The number of tokens to keep from the initial prompt is greater than the context length. Try to load the model with a larger context length, or provide a shorter input"
procurement-late-deliveries-365d,enterprise-mcp-react-native,False,0.0,0.0,0.0,1.0,0.0,0.0,0.0,0,0,0,RuntimeError: enterprise-mcp-react-native requires ENTERPRISE_MCP_PUBLIC_URL to be set. Native MCP tool calls are made server-side by the model provider (Anthropic / OpenAI / xAI) -- localhost is not reachable from their servers. Run `uv run python -m agent_harness.mcp_server` with a streamable-HTTP transport behind a public tunnel (e.g. ngrok) and point ENTERPRISE_MCP_PUBLIC_URL at it. See README 'MCP server' section.
procurement-late-deliveries-365d,enterprise-react,True,0.2457,0.6667,0.1506,0.8494,46.76,1.0,1.0,3,0,0,
procurement-late-deliveries-365d,enterprise-react-120,False,0.0,0.0,0.0,1.0,0.08,0.0,0.0,0,0,0,"ModelHTTPError: status_code: 400, model_name: qwen/qwen3.6-35b-a3b, body: The number of tokens to keep from the initial prompt is greater than the context length. Try to load the model with a larger context length, or provide a shorter input"
procurement-late-deliveries-365d,enterprise-react-thinking,True,0.64,0.6667,0.6154,0.3846,31.82,1.0,1.0,4,0,0,
procurement-late-deliveries-365d,enterprise-react-toolsearch,True,0.0,0.0,1.0,0.0,6.1,0.0,0.6667,3,0,0,
procurement-late-deliveries-365d,enterprise-react-toolsearch-120,True,0.5333,1.0,0.3636,0.6364,11.62,1.0,1.0,2,0,0,
procurement-late-deliveries-365d,enterprise-sql-codemode,True,0.7442,0.6667,0.8421,0.1579,22.35,1.0,0.5455,11,0,5,
procurement-late-deliveries-365d,enterprise-sql-react,True,0.7442,0.6667,0.8421,0.1579,17.61,1.0,1.0,4,0,0,
procurement-late-deliveries-365d,minimal,True,0.2592,0.2121,0.3333,0.6667,22.8,0.0,0.0,0,0,0,
procurement-po-detail-50,enterprise-categorized-search,True,0.3333,1.0,0.2,0.8,5.54,1.0,1.0,4,0,0,
procurement-po-detail-50,enterprise-codemode,True,0.3077,1.0,0.1818,0.8182,14.87,1.0,0.3333,9,0,4,
procurement-po-detail-50,enterprise-codemode-categorized-search,True,0.3333,1.0,0.2,0.8,18.13,1.0,0.5,12,0,6,
procurement-po-detail-50,enterprise-codemode-thinking,True,0.3077,1.0,0.1818,0.8182,19.71,1.0,0.5,6,0,2,
procurement-po-detail-50,enterprise-codemode-toolsearch,True,0.4,0.25,1.0,0.0,40.74,1.0,0.9091,11,0,1,
procurement-po-detail-50,enterprise-codemode-toolsearch-120,True,0.4,0.25,1.0,0.0,33.39,1.0,1.0,8,0,0,
procurement-po-detail-50,enterprise-mcp-codemode,True,0.3077,1.0,0.1818,0.8182,11.69,1.0,0.625,8,0,3,
procurement-po-detail-50,enterprise-mcp-react,True,0.3077,1.0,0.1818,0.8182,10.75,1.0,1.0,4,0,0,
procurement-po-detail-50,enterprise-react,True,0.3077,1.0,0.1818,0.8182,12.79,1.0,0.6667,3,0,0,
procurement-po-detail-50,enterprise-react-thinking,True,0.3077,1.0,0.1818,0.8182,12.92,1.0,0.6667,3,0,0,
procurement-po-detail-50,enterprise-react-toolsearch,True,0.3077,1.0,0.1818,0.8182,10.38,1.0,1.0,3,0,0,
procurement-po-detail-50,enterprise-react-toolsearch-120,True,0.3333,1.0,0.2,0.8,5.31,1.0,1.0,2,0,0,
procurement-po-detail-50,enterprise-sql-codemode,True,0.3077,1.0,0.1818,0.8182,9.04,1.0,0.6364,11,0,4,
procurement-po-detail-50,enterprise-sql-react,True,0.2858,1.0,0.1667,0.8333,6.53,1.0,1.0,2,0,0,
procurement-po-detail-50,minimal,True,0.2,0.25,0.1667,0.8333,23.78,0.0,0.0,0,0,0,
procurement-search-software-highrating,enterprise-categorized-search,True,0.9231,1.0,0.8571,0.1429,6.14,1.0,1.0,4,0,0,
procurement-search-software-highrating,enterprise-codemode,True,0.9231,1.0,0.8571,0.1429,12.85,1.0,0.4444,9,0,5,
procurement-search-software-highrating,enterprise-codemode-categorized-search,True,0.9231,1.0,0.8571,0.1429,55.43,1.0,0.3684,19,0,11,
procurement-search-software-highrating,enterprise-codemode-thinking,True,0.9231,1.0,0.8571,0.1429,16.78,1.0,0.5556,9,0,4,
procurement-search-software-highrating,enterprise-codemode-toolsearch,True,0.9231,1.0,0.8571,0.1429,9.34,1.0,1.0,6,0,0,
procurement-search-software-highrating,enterprise-codemode-toolsearch-120,True,0.9231,1.0,0.8571,0.1429,13.0,1.0,1.0,4,0,0,
procurement-search-software-highrating,enterprise-mcp-codemode,True,0.9231,1.0,0.8571,0.1429,17.81,1.0,0.7143,14,0,4,
procurement-search-software-highrating,enterprise-mcp-react,True,0.5,1.0,0.3333,0.6667,12.53,1.0,1.0,3,0,0,
procurement-search-software-highrating,enterprise-react,True,0.5,1.0,0.3333,0.6667,14.5,1.0,0.6667,3,0,0,
procurement-search-software-highrating,enterprise-react-thinking,True,0.9231,1.0,0.8571,0.1429,14.18,1.0,1.0,3,0,0,
procurement-search-software-highrating,enterprise-react-toolsearch,True,0.0,0.25,0.0,1.0,20.51,0.0,1.0,3,0,0,
procurement-search-software-highrating,enterprise-react-toolsearch-120,True,0.9231,1.0,0.8571,0.1429,5.91,1.0,1.0,2,0,0,
procurement-search-software-highrating,enterprise-sql-codemode,False,0.0,0.0,0.0,1.0,67.51,0.0,0.0,0,0,0,UnexpectedModelBehavior: Tool 'run_code' exceeded max retries count of 6
procurement-search-software-highrating,enterprise-sql-react,True,0.5,1.0,0.3333,0.6667,5.59,1.0,1.0,2,0,0,
procurement-search-software-highrating,minimal,True,0.2857,0.3333,0.25,0.75,21.31,0.0,0.0,0,0,0,
procurement-spend-summary-2025,enterprise-categorized-search,True,1.0,1.0,1.0,0.0,6.49,1.0,1.0,4,0,0,
procurement-spend-summary-2025,enterprise-codemode,True,0.25,0.25,0.25,0.75,9.5,1.0,0.6,5,0,2,
procurement-spend-summary-2025,enterprise-codemode-categorized-search,False,0.0,0.0,0.0,1.0,180.0,0.0,0.0,0,0,0,"TimeoutError: run exceeded 180s wall-clock cap (hung, killed by benchmark harness)"
procurement-spend-summary-2025,enterprise-codemode-thinking,True,0.25,0.25,0.25,0.75,8.68,1.0,0.6,5,0,2,
procurement-spend-summary-2025,enterprise-codemode-toolsearch,True,0.25,0.25,0.25,0.75,21.78,1.0,0.8333,6,0,1,
procurement-spend-summary-2025,enterprise-codemode-toolsearch-120,True,0.25,0.25,0.25,0.75,17.31,1.0,1.0,5,0,0,
procurement-spend-summary-2025,enterprise-mcp-codemode,True,0.25,0.25,0.25,0.75,12.81,1.0,0.5714,7,0,3,
procurement-spend-summary-2025,enterprise-mcp-react,True,0.25,0.25,0.25,0.75,11.09,1.0,1.0,3,0,0,
procurement-spend-summary-2025,enterprise-react,True,0.25,0.25,0.25,0.75,10.22,1.0,1.0,2,0,0,
procurement-spend-summary-2025,enterprise-react-thinking,True,0.25,0.25,0.25,0.75,11.19,1.0,1.0,2,0,0,
procurement-spend-summary-2025,enterprise-react-toolsearch,True,0.0,0.0,0.0,1.0,8.3,0.0,1.0,1,0,0,
procurement-spend-summary-2025,enterprise-react-toolsearch-120,True,1.0,1.0,1.0,0.0,6.84,1.0,1.0,2,0,0,
procurement-spend-summary-2025,enterprise-sql-codemode,True,0.25,0.25,0.25,0.75,9.16,1.0,0.5714,7,0,3,
procurement-spend-summary-2025,enterprise-sql-react,True,1.0,1.0,1.0,0.0,20.64,1.0,1.0,3,0,0,
procurement-spend-summary-2025,minimal,True,0.0,0.0,0.0,1.0,25.88,0.0,0.0,0,0,0,
procurement-supplier-detail-10,enterprise-categorized-search,True,0.4444,1.0,0.2857,0.7143,5.18,1.0,1.0,4,0,0,
procurement-supplier-detail-10,enterprise-codemode,True,0.4444,1.0,0.2857,0.7143,11.96,1.0,0.6,5,0,2,
procurement-supplier-detail-10,enterprise-codemode-120,False,0.0,0.0,0.0,1.0,23.28,0.0,0.0,0,0,0,UnexpectedModelBehavior: Tool 'get_supplier' exceeded max retries count of 3
procurement-supplier-detail-10,enterprise-codemode-categorized-search,True,0.069,0.25,0.04,0.96,14.28,0.0,0.5,4,0,2,
procurement-supplier-detail-10,enterprise-codemode-thinking,True,0.4444,1.0,0.2857,0.7143,9.45,1.0,0.5,6,0,3,
procurement-supplier-detail-10,enterprise-codemode-toolsearch,True,0.4444,1.0,0.2857,0.7143,8.46,1.0,1.0,4,0,0,
procurement-supplier-detail-10,enterprise-codemode-toolsearch-120,True,0.4444,1.0,0.2857,0.7143,15.76,1.0,0.6667,3,0,0,
procurement-supplier-detail-10,enterprise-mcp-codemode,True,0.4444,1.0,0.2857,0.7143,13.14,1.0,0.6,5,0,2,
procurement-supplier-detail-10,enterprise-mcp-react,True,0.4444,1.0,0.2857,0.7143,7.31,1.0,1.0,2,0,0,
procurement-supplier-detail-10,enterprise-mcp-react-120,False,0.0,0.0,0.0,1.0,0.06,0.0,0.0,0,0,0,"ModelHTTPError: status_code: 400, model_name: qwen/qwen3.6-35b-a3b, body: The number of tokens to keep from the initial prompt is greater than the context length. Try to load the model with a larger context length, or provide a shorter input"
procurement-supplier-detail-10,enterprise-mcp-react-native,False,0.0,0.0,0.0,1.0,0.01,0.0,0.0,0,0,0,RuntimeError: enterprise-mcp-react-native requires ENTERPRISE_MCP_PUBLIC_URL to be set. Native MCP tool calls are made server-side by the model provider (Anthropic / OpenAI / xAI) -- localhost is not reachable from their servers. Run `uv run python -m agent_harness.mcp_server` with a streamable-HTTP transport behind a public tunnel (e.g. ngrok) and point ENTERPRISE_MCP_PUBLIC_URL at it. See README 'MCP server' section.
procurement-supplier-detail-10,enterprise-react,True,0.4444,1.0,0.2857,0.7143,11.8,1.0,1.0,3,0,0,
procurement-supplier-detail-10,enterprise-react-120,False,0.0,0.0,0.0,1.0,0.1,0.0,0.0,0,0,0,"ModelHTTPError: status_code: 400, model_name: qwen/qwen3.6-35b-a3b, body: The number of tokens to keep from the initial prompt is greater than the context length. Try to load the model with a larger context length, or provide a shorter input"
procurement-supplier-detail-10,enterprise-react-thinking,True,0.4444,1.0,0.2857,0.7143,7.76,1.0,1.0,2,0,0,
procurement-supplier-detail-10,enterprise-react-toolsearch,True,0.4,0.25,1.0,0.0,18.36,0.0,1.0,2,0,0,
procurement-supplier-detail-10,enterprise-react-toolsearch-120,True,0.4444,1.0,0.2857,0.7143,4.9,1.0,1.0,2,0,0,
procurement-supplier-detail-10,enterprise-sql-codemode,True,0.4444,1.0,0.2857,0.7143,26.45,1.0,0.7,10,0,3,
procurement-supplier-detail-10,enterprise-sql-react,True,0.4444,1.0,0.2857,0.7143,4.92,1.0,1.0,3,0,0,
procurement-supplier-detail-10,minimal,True,0.1819,0.25,0.1429,0.8571,18.25,0.0,0.0,0,0,0,
procurement-supplier-performance-10,enterprise-categorized-search,True,0.8333,0.7143,1.0,0.0,6.19,1.0,1.0,4,0,0,
procurement-supplier-performance-10,enterprise-codemode,True,0.7272,0.5714,1.0,0.0,9.03,1.0,0.5714,7,0,3,
procurement-supplier-performance-10,enterprise-codemode-categorized-search,True,0.8333,0.7143,1.0,0.0,29.33,1.0,0.4167,12,0,7,
procurement-supplier-performance-10,enterprise-codemode-thinking,True,0.7272,0.5714,1.0,0.0,11.17,1.0,0.5,6,0,3,
procurement-supplier-performance-10,enterprise-codemode-toolsearch,True,0.7272,0.5714,1.0,0.0,10.43,1.0,1.0,4,0,0,
procurement-supplier-performance-10,enterprise-codemode-toolsearch-120,True,0.7272,0.5714,1.0,0.0,14.24,1.0,1.0,4,0,0,
procurement-supplier-performance-10,enterprise-mcp-codemode,True,0.7272,0.5714,1.0,0.0,9.62,1.0,0.625,8,0,3,
procurement-supplier-performance-10,enterprise-mcp-react,True,0.7272,0.5714,1.0,0.0,7.72,1.0,1.0,3,0,0,
procurement-supplier-performance-10,enterprise-react,True,0.7272,0.5714,1.0,0.0,10.14,1.0,1.0,2,0,0,
procurement-supplier-performance-10,enterprise-react-thinking,True,0.7272,0.5714,1.0,0.0,9.03,1.0,1.0,2,0,0,
procurement-supplier-performance-10,enterprise-react-toolsearch,True,0.2501,0.1429,1.0,0.0,19.76,0.0,1.0,2,0,0,
procurement-supplier-performance-10,enterprise-react-toolsearch-120,True,0.8333,0.7143,1.0,0.0,5.84,1.0,1.0,2,0,0,
procurement-supplier-performance-10,enterprise-sql-codemode,True,0.8333,0.7143,1.0,0.0,8.39,1.0,0.625,8,0,3,
procurement-supplier-performance-10,enterprise-sql-react,True,0.7272,0.5714,1.0,0.0,6.6,1.0,1.0,3,0,0,
procurement-supplier-performance-10,minimal,True,0.0,0.0,0.0,1.0,27.74,0.0,0.0,0,0,0,
support-agent-profile-5,enterprise-categorized-search,True,0.0,0.6667,0.0,1.0,5.48,1.0,1.0,4,0,0,
support-agent-profile-5,enterprise-codemode,True,0.0,0.6667,0.0,1.0,12.77,1.0,0.2857,7,0,3,
support-agent-profile-5,enterprise-codemode-120,False,0.0,0.0,0.0,1.0,18.26,0.0,0.0,0,0,0,UnexpectedModelBehavior: Tool 'get_support_agent' exceeded max retries count of 3
support-agent-profile-5,enterprise-codemode-categorized-search,True,0.2857,0.3333,0.25,0.75,13.67,0.0,0.6667,3,0,1,
support-agent-profile-5,enterprise-codemode-thinking,True,0.0,0.0,0.0,1.0,11.87,0.0,0.25,4,0,1,
support-agent-profile-5,enterprise-codemode-toolsearch,False,0.0,0.0,0.0,1.0,22.1,0.0,0.0,0,0,0,UnexpectedModelBehavior: Tool 'search_tools' exceeded max retries count of 1
support-agent-profile-5,enterprise-codemode-toolsearch-120,True,0.0,0.6667,0.0,1.0,12.77,1.0,0.8,5,0,0,
support-agent-profile-5,enterprise-mcp-codemode,True,0.2501,1.0,0.1429,0.8571,6.42,1.0,0.6,5,0,2,
support-agent-profile-5,enterprise-mcp-react,True,0.0,0.6667,0.0,1.0,12.05,1.0,0.6667,3,0,0,
support-agent-profile-5,enterprise-mcp-react-120,False,0.0,0.0,0.0,1.0,0.06,0.0,0.0,0,0,0,"ModelHTTPError: status_code: 400, model_name: qwen/qwen3.6-35b-a3b, body: The number of tokens to keep from the initial prompt is greater than the context length. Try to load the model with a larger context length, or provide a shorter input"
support-agent-profile-5,enterprise-mcp-react-native,False,0.0,0.0,0.0,1.0,0.01,0.0,0.0,0,0,0,RuntimeError: enterprise-mcp-react-native requires ENTERPRISE_MCP_PUBLIC_URL to be set. Native MCP tool calls are made server-side by the model provider (Anthropic / OpenAI / xAI) -- localhost is not reachable from their servers. Run `uv run python -m agent_harness.mcp_server` with a streamable-HTTP transport behind a public tunnel (e.g. ngrok) and point ENTERPRISE_MCP_PUBLIC_URL at it. See README 'MCP server' section.
support-agent-profile-5,enterprise-react,True,0.2501,1.0,0.1429,0.8571,7.88,1.0,0.6667,3,0,0,
support-agent-profile-5,enterprise-react-120,False,0.0,0.0,0.0,1.0,0.1,0.0,0.0,0,0,0,"ModelHTTPError: status_code: 400, model_name: qwen/qwen3.6-35b-a3b, body: The number of tokens to keep from the initial prompt is greater than the context length. Try to load the model with a larger context length, or provide a shorter input"
support-agent-profile-5,enterprise-react-thinking,True,0.0,0.6667,0.0,1.0,12.22,1.0,0.6667,3,0,0,
support-agent-profile-5,enterprise-react-toolsearch,True,0.0,0.0,1.0,0.0,21.32,0.0,1.0,3,0,0,
support-agent-profile-5,enterprise-react-toolsearch-120,True,0.0,0.6667,0.0,1.0,5.55,1.0,1.0,2,0,0,
support-agent-profile-5,enterprise-sql-codemode,True,0.2501,1.0,0.1429,0.8571,8.84,1.0,0.625,8,0,3,
support-agent-profile-5,enterprise-sql-react,True,0.0,0.6667,0.0,1.0,4.51,1.0,1.0,2,0,0,
support-agent-profile-5,minimal,True,0.5,0.3333,1.0,0.0,17.08,0.0,0.0,0,0,0,
support-csat-90d,enterprise-categorized-search,True,1.0,1.0,1.0,0.0,5.83,1.0,1.0,4,0,0,
support-csat-90d,enterprise-codemode,True,0.0,0.0,0.0,1.0,20.33,1.0,0.3846,13,0,7,
support-csat-90d,enterprise-codemode-categorized-search,True,1.0,1.0,1.0,0.0,15.16,1.0,0.5,10,0,5,
support-csat-90d,enterprise-codemode-thinking,True,0.0,0.0,0.0,1.0,12.29,1.0,0.6,5,0,2,
support-csat-90d,enterprise-codemode-toolsearch,True,0.0,0.0,0.0,1.0,21.86,1.0,0.9091,11,0,0,
support-csat-90d,enterprise-codemode-toolsearch-120,True,0.0,0.0,0.0,1.0,17.1,1.0,1.0,6,0,0,
support-csat-90d,enterprise-mcp-codemode,False,0.0,0.0,0.0,1.0,18.82,0.0,0.0,0,0,0,UnexpectedModelBehavior: Tool 'tool_list_tables' exceeded max retries count of 3
support-csat-90d,enterprise-mcp-react,True,0.0,0.0,0.0,1.0,11.11,1.0,1.0,2,0,0,
support-csat-90d,enterprise-react,True,1.0,1.0,1.0,0.0,25.69,1.0,1.0,4,0,0,
support-csat-90d,enterprise-react-thinking,True,0.0,0.0,0.0,1.0,9.39,1.0,1.0,2,0,0,
support-csat-90d,enterprise-react-toolsearch,True,0.0,0.0,0.0,1.0,16.4,0.0,1.0,2,0,0,
support-csat-90d,enterprise-react-toolsearch-120,True,1.0,1.0,1.0,0.0,5.67,1.0,1.0,2,0,0,
support-csat-90d,enterprise-sql-codemode,True,0.0,0.0,0.0,1.0,47.09,1.0,0.3913,23,0,14,
support-csat-90d,enterprise-sql-react,True,0.0,0.0,0.0,1.0,9.23,1.0,1.0,4,0,0,
support-csat-90d,minimal,True,0.0,0.0,0.0,1.0,22.01,0.0,0.0,0,0,0,
support-open-tickets-priority,enterprise-categorized-search,True,1.0,1.0,1.0,0.0,5.22,1.0,1.0,4,0,0,
support-open-tickets-priority,enterprise-codemode,True,1.0,1.0,1.0,0.0,6.89,1.0,0.5,6,0,3,
support-open-tickets-priority,enterprise-codemode-categorized-search,True,0.0,0.0,1.0,0.0,30.01,0.0,0.2,10,0,8,
support-open-tickets-priority,enterprise-codemode-thinking,True,1.0,1.0,1.0,0.0,6.4,1.0,0.6,5,0,2,
support-open-tickets-priority,enterprise-codemode-toolsearch,True,1.0,1.0,1.0,0.0,8.98,1.0,1.0,4,0,0,
support-open-tickets-priority,enterprise-codemode-toolsearch-120,True,1.0,1.0,1.0,0.0,14.24,1.0,1.0,5,0,0,
support-open-tickets-priority,enterprise-mcp-codemode,True,1.0,1.0,1.0,0.0,7.7,1.0,0.625,8,0,3,
support-open-tickets-priority,enterprise-mcp-react,True,1.0,1.0,1.0,0.0,6.87,1.0,1.0,3,0,0,
support-open-tickets-priority,enterprise-react,True,1.0,1.0,1.0,0.0,6.97,1.0,1.0,3,0,0,
support-open-tickets-priority,enterprise-react-thinking,True,1.0,1.0,1.0,0.0,7.59,1.0,1.0,2,0,0,
support-open-tickets-priority,enterprise-react-toolsearch,True,0.0,0.0,1.0,0.0,4.75,0.0,1.0,2,0,0,
support-open-tickets-priority,enterprise-react-toolsearch-120,True,1.0,1.0,1.0,0.0,5.04,1.0,1.0,2,0,0,
support-open-tickets-priority,enterprise-sql-codemode,True,1.0,1.0,1.0,0.0,7.11,1.0,0.625,8,0,3,
support-open-tickets-priority,enterprise-sql-react,True,1.0,1.0,1.0,0.0,5.16,1.0,1.0,3,0,0,
support-open-tickets-priority,minimal,True,0.0,0.375,0.0,1.0,23.68,0.0,0.0,0,0,0,
support-resolution-stats-180d,enterprise-categorized-search,True,1.0,1.0,1.0,0.0,5.14,1.0,1.0,4,0,0,
support-resolution-stats-180d,enterprise-codemode,True,0.5,0.5,0.5,0.5,12.4,1.0,0.5,8,0,4,
support-resolution-stats-180d,enterprise-codemode-120,False,0.0,0.0,0.0,1.0,21.05,0.0,0.0,0,0,0,UnexpectedModelBehavior: Tool 'get_ticket_resolution_stats' exceeded max retries count of 3
support-resolution-stats-180d,enterprise-codemode-categorized-search,True,1.0,1.0,1.0,0.0,23.1,1.0,0.4167,12,0,7,
support-resolution-stats-180d,enterprise-codemode-thinking,True,0.5,0.5,0.5,0.5,17.54,1.0,0.5,10,0,5,
support-resolution-stats-180d,enterprise-codemode-toolsearch,True,0.5,0.5,0.5,0.5,15.1,1.0,1.0,5,0,0,
support-resolution-stats-180d,enterprise-codemode-toolsearch-120,True,0.5,0.5,0.5,0.5,15.72,1.0,1.0,5,0,0,
support-resolution-stats-180d,enterprise-mcp-codemode,True,1.0,1.0,1.0,0.0,14.91,1.0,0.6,10,0,4,
support-resolution-stats-180d,enterprise-mcp-react,True,0.5,0.5,0.5,0.5,9.97,1.0,1.0,3,0,0,
support-resolution-stats-180d,enterprise-mcp-react-120,False,0.0,0.0,0.0,1.0,0.05,0.0,0.0,0,0,0,"ModelHTTPError: status_code: 400, model_name: qwen/qwen3.6-35b-a3b, body: The number of tokens to keep from the initial prompt is greater than the context length. Try to load the model with a larger context length, or provide a shorter input"
support-resolution-stats-180d,enterprise-mcp-react-native,False,0.0,0.0,0.0,1.0,0.01,0.0,0.0,0,0,0,RuntimeError: enterprise-mcp-react-native requires ENTERPRISE_MCP_PUBLIC_URL to be set. Native MCP tool calls are made server-side by the model provider (Anthropic / OpenAI / xAI) -- localhost is not reachable from their servers. Run `uv run python -m agent_harness.mcp_server` with a streamable-HTTP transport behind a public tunnel (e.g. ngrok) and point ENTERPRISE_MCP_PUBLIC_URL at it. See README 'MCP server' section.
support-resolution-stats-180d,enterprise-react,True,1.0,1.0,1.0,0.0,14.79,1.0,1.0,2,0,0,
support-resolution-stats-180d,enterprise-react-120,False,0.0,0.0,0.0,1.0,0.08,0.0,0.0,0,0,0,"ModelHTTPError: status_code: 400, model_name: qwen/qwen3.6-35b-a3b, body: The number of tokens to keep from the initial prompt is greater than the context length. Try to load the model with a larger context length, or provide a shorter input"
support-resolution-stats-180d,enterprise-react-thinking,True,1.0,1.0,1.0,0.0,27.57,1.0,1.0,6,0,0,
support-resolution-stats-180d,enterprise-react-toolsearch,True,0.0,0.0,0.0,1.0,16.93,0.0,1.0,2,0,0,
support-resolution-stats-180d,enterprise-react-toolsearch-120,True,1.0,1.0,1.0,0.0,5.92,1.0,1.0,2,0,0,
support-resolution-stats-180d,enterprise-sql-codemode,True,0.5,0.5,0.5,0.5,29.56,1.0,0.625,8,0,3,
support-resolution-stats-180d,enterprise-sql-react,True,0.25,0.25,0.25,0.75,13.24,1.0,1.0,4,0,0,
support-resolution-stats-180d,minimal,True,0.0,0.0,0.0,1.0,22.67,0.0,0.0,0,0,0,
support-search-urgent-open,enterprise-categorized-search,True,0.7631,1.0,0.617,0.383,9.81,1.0,1.0,4,0,0,
support-search-urgent-open,enterprise-codemode,True,0.7631,1.0,0.617,0.383,18.95,1.0,0.5714,7,0,3,
support-search-urgent-open,enterprise-codemode-categorized-search,True,0.7631,1.0,0.617,0.383,16.79,1.0,0.5556,9,0,4,
support-search-urgent-open,enterprise-codemode-thinking,True,0.7631,1.0,0.617,0.383,12.14,1.0,0.5,6,0,3,
support-search-urgent-open,enterprise-codemode-toolsearch,False,0.0,0.0,0.0,1.0,94.06,0.0,0.0,0,0,0,UsageLimitExceeded: The next request would exceed the request_limit of 50
support-search-urgent-open,enterprise-codemode-toolsearch-120,True,0.7631,1.0,0.617,0.383,20.1,1.0,1.0,5,0,0,
support-search-urgent-open,enterprise-mcp-codemode,True,0.7631,1.0,0.617,0.383,19.64,1.0,0.5,8,0,4,
support-search-urgent-open,enterprise-mcp-react,True,0.7631,1.0,0.617,0.383,10.53,1.0,1.0,3,0,0,
support-search-urgent-open,enterprise-react,True,0.7631,1.0,0.617,0.383,11.73,1.0,1.0,2,0,0,
support-search-urgent-open,enterprise-react-thinking,True,0.7631,1.0,0.617,0.383,12.82,1.0,1.0,2,0,0,
support-search-urgent-open,enterprise-react-toolsearch,True,0.0,0.0,1.0,0.0,6.48,0.0,1.0,2,0,0,
support-search-urgent-open,enterprise-react-toolsearch-120,True,0.7631,1.0,0.617,0.383,10.05,1.0,1.0,2,0,0,
support-search-urgent-open,enterprise-sql-codemode,True,0.7631,1.0,0.617,0.383,15.18,1.0,0.4286,7,0,4,
support-search-urgent-open,enterprise-sql-react,True,0.7631,1.0,0.617,0.383,10.38,1.0,1.0,3,0,0,
support-search-urgent-open,minimal,True,0.0791,0.3036,0.0455,0.9545,25.17,0.0,0.0,0,0,0,
support-tickets-for-module-8,enterprise-categorized-search,True,0.6285,1.0,0.4583,0.5417,10.46,1.0,1.0,4,0,0,
support-tickets-for-module-8,enterprise-codemode,True,0.6285,1.0,0.4583,0.5417,19.21,1.0,0.75,8,0,2,
support-tickets-for-module-8,enterprise-codemode-categorized-search,True,0.087,0.3333,0.05,0.95,35.76,0.0,0.3333,6,0,4,
support-tickets-for-module-8,enterprise-codemode-thinking,True,0.5,0.8889,0.3478,0.6522,20.52,1.0,0.4286,7,0,3,
support-tickets-for-module-8,enterprise-codemode-toolsearch,True,0.5152,0.8704,0.3659,0.6341,30.79,1.0,0.75,8,0,2,
support-tickets-for-module-8,enterprise-codemode-toolsearch-120,True,0.6285,1.0,0.4583,0.5417,20.24,1.0,1.0,5,0,0,
support-tickets-for-module-8,enterprise-mcp-codemode,False,0.0,0.0,0.0,1.0,8.18,0.0,0.0,0,0,0,UnexpectedModelBehavior: Tool 'tool_list_tables' exceeded max retries count of 3
support-tickets-for-module-8,enterprise-mcp-react,True,0.6285,1.0,0.4583,0.5417,10.93,1.0,1.0,2,0,0,
support-tickets-for-module-8,enterprise-react,True,0.6285,1.0,0.4583,0.5417,12.34,1.0,1.0,3,0,0,
support-tickets-for-module-8,enterprise-react-thinking,True,0.6285,1.0,0.4583,0.5417,21.12,1.0,1.0,2,0,0,
support-tickets-for-module-8,enterprise-react-toolsearch,True,0.1936,0.1667,0.2308,0.7692,12.41,0.0,0.5,2,0,0,
support-tickets-for-module-8,enterprise-react-toolsearch-120,True,0.6285,1.0,0.4583,0.5417,9.98,1.0,1.0,2,0,0,
support-tickets-for-module-8,enterprise-sql-codemode,True,0.6285,1.0,0.4583,0.5417,14.55,1.0,0.5714,7,0,3,
support-tickets-for-module-8,enterprise-sql-react,True,0.6285,1.0,0.4583,0.5417,11.48,1.0,1.0,3,0,0,
support-tickets-for-module-8,minimal,True,0.0674,0.1296,0.0455,0.9545,33.6,0.0,0.0,0,0,0,
workforce-attrition-3-365d,enterprise-categorized-search,True,1.0,1.0,1.0,0.0,8.63,1.0,1.0,4,0,0,
workforce-attrition-3-365d,enterprise-codemode,True,0.75,0.6,1.0,0.0,39.19,1.0,0.6,15,0,6,
workforce-attrition-3-365d,enterprise-codemode-120,False,0.0,0.0,0.0,1.0,37.45,0.0,0.0,0,0,0,UnexpectedModelBehavior: Tool 'get_attrition_rate' exceeded max retries count of 3
workforce-attrition-3-365d,enterprise-codemode-categorized-search,True,0.4,0.4,0.4,0.6,16.96,0.0,0.75,4,0,1,
workforce-attrition-3-365d,enterprise-codemode-thinking,True,0.2857,0.2,0.5,0.5,61.53,1.0,0.5556,18,0,8,
workforce-attrition-3-365d,enterprise-codemode-toolsearch,True,0.6667,0.6,0.75,0.25,34.99,1.0,1.0,8,0,0,
workforce-attrition-3-365d,enterprise-codemode-toolsearch-120,True,0.6667,0.6,0.75,0.25,14.56,1.0,1.0,4,0,0,
workforce-attrition-3-365d,enterprise-mcp-codemode,True,0.3333,0.2,1.0,0.0,32.97,1.0,0.5,6,0,3,
workforce-attrition-3-365d,enterprise-mcp-react,True,0.3333,0.2,1.0,0.0,27.33,1.0,1.0,4,0,0,
workforce-attrition-3-365d,enterprise-mcp-react-120,False,0.0,0.0,0.0,1.0,0.06,0.0,0.0,0,0,0,"ModelHTTPError: status_code: 400, model_name: qwen/qwen3.6-35b-a3b, body: The number of tokens to keep from the initial prompt is greater than the context length. Try to load the model with a larger context length, or provide a shorter input"
workforce-attrition-3-365d,enterprise-mcp-react-native,False,0.0,0.0,0.0,1.0,0.0,0.0,0.0,0,0,0,RuntimeError: enterprise-mcp-react-native requires ENTERPRISE_MCP_PUBLIC_URL to be set. Native MCP tool calls are made server-side by the model provider (Anthropic / OpenAI / xAI) -- localhost is not reachable from their servers. Run `uv run python -m agent_harness.mcp_server` with a streamable-HTTP transport behind a public tunnel (e.g. ngrok) and point ENTERPRISE_MCP_PUBLIC_URL at it. See README 'MCP server' section.
workforce-attrition-3-365d,enterprise-react,True,0.0,0.0,0.0,1.0,17.92,1.0,1.0,2,0,0,
workforce-attrition-3-365d,enterprise-react-120,False,0.0,0.0,0.0,1.0,0.1,0.0,0.0,0,0,0,"ModelHTTPError: status_code: 400, model_name: qwen/qwen3.6-35b-a3b, body: The number of tokens to keep from the initial prompt is greater than the context length. Try to load the model with a larger context length, or provide a shorter input"
workforce-attrition-3-365d,enterprise-react-thinking,True,0.0,0.0,0.0,1.0,35.17,1.0,1.0,2,0,0,
workforce-attrition-3-365d,enterprise-react-toolsearch,True,0.2222,0.2,0.25,0.75,28.24,0.0,1.0,2,0,0,
workforce-attrition-3-365d,enterprise-react-toolsearch-120,True,1.0,1.0,1.0,0.0,9.96,1.0,1.0,2,0,0,
workforce-attrition-3-365d,enterprise-sql-codemode,True,0.3333,0.2,1.0,0.0,37.69,1.0,0.5333,15,0,7,
workforce-attrition-3-365d,enterprise-sql-react,True,0.5714,0.4,1.0,0.0,27.88,1.0,1.0,4,0,0,
workforce-attrition-3-365d,minimal,True,0.3636,0.4,0.3333,0.6667,32.85,0.0,0.0,0,0,0,
workforce-employee-detail-10,enterprise-categorized-search,True,0.7272,0.5714,1.0,0.0,9.23,1.0,1.0,4,0,0,
workforce-employee-detail-10,enterprise-codemode,True,0.8333,0.7143,1.0,0.0,23.35,1.0,0.2857,7,0,3,
workforce-employee-detail-10,enterprise-codemode-120,True,0.8333,0.7143,1.0,0.0,19.33,1.0,0.6,5,0,2,
workforce-employee-detail-10,enterprise-codemode-categorized-search,True,0.7272,0.5714,1.0,0.0,22.88,1.0,0.5,14,0,7,
workforce-employee-detail-10,enterprise-codemode-thinking,True,0.7272,0.5714,1.0,0.0,24.22,1.0,0.3333,9,0,4,
workforce-employee-detail-10,enterprise-codemode-toolsearch,True,0.0,0.0,0.0,1.0,16.38,1.0,1.0,5,0,0,
workforce-employee-detail-10,enterprise-codemode-toolsearch-120,True,0.8333,0.7143,1.0,0.0,20.1,1.0,0.7143,7,1,0,
workforce-employee-detail-10,enterprise-mcp-codemode,True,0.8333,0.7143,1.0,0.0,24.94,1.0,0.4286,7,0,3,
workforce-employee-detail-10,enterprise-mcp-react,True,0.7272,0.5714,1.0,0.0,15.5,1.0,0.6667,3,0,0,
workforce-employee-detail-10,enterprise-mcp-react-120,False,0.0,0.0,0.0,1.0,0.06,0.0,0.0,0,0,0,"ModelHTTPError: status_code: 400, model_name: qwen/qwen3.6-35b-a3b, body: The number of tokens to keep from the initial prompt is greater than the context length. Try to load the model with a larger context length, or provide a shorter input"
workforce-employee-detail-10,enterprise-mcp-react-native,False,0.0,0.0,0.0,1.0,0.0,0.0,0.0,0,0,0,RuntimeError: enterprise-mcp-react-native requires ENTERPRISE_MCP_PUBLIC_URL to be set. Native MCP tool calls are made server-side by the model provider (Anthropic / OpenAI / xAI) -- localhost is not reachable from their servers. Run `uv run python -m agent_harness.mcp_server` with a streamable-HTTP transport behind a public tunnel (e.g. ngrok) and point ENTERPRISE_MCP_PUBLIC_URL at it. See README 'MCP server' section.
workforce-employee-detail-10,enterprise-react,True,0.8333,0.7143,1.0,0.0,24.23,1.0,0.6667,3,0,0,
workforce-employee-detail-10,enterprise-react-120,False,0.0,0.0,0.0,1.0,0.1,0.0,0.0,0,0,0,"ModelHTTPError: status_code: 400, model_name: qwen/qwen3.6-35b-a3b, body: The number of tokens to keep from the initial prompt is greater than the context length. Try to load the model with a larger context length, or provide a shorter input"
workforce-employee-detail-10,enterprise-react-thinking,True,0.7272,0.5714,1.0,0.0,18.29,1.0,0.6667,3,0,0,
workforce-employee-detail-10,enterprise-react-toolsearch,True,0.2501,0.1429,1.0,0.0,122.36,0.0,1.0,8,0,0,
workforce-employee-detail-10,enterprise-react-toolsearch-120,True,0.6,0.4286,1.0,0.0,9.61,1.0,1.0,2,0,0,
workforce-employee-detail-10,enterprise-sql-codemode,True,0.7272,0.5714,1.0,0.0,48.26,1.0,0.5294,17,0,8,
workforce-employee-detail-10,enterprise-sql-react,True,0.8333,0.7143,1.0,0.0,11.51,1.0,1.0,2,0,0,
workforce-employee-detail-10,minimal,True,0.2501,0.1429,1.0,0.0,50.02,0.0,0.0,0,0,0,
workforce-headcount-3,enterprise-categorized-search,True,0.8571,0.75,1.0,0.0,5.79,1.0,1.0,4,0,0,
workforce-headcount-3,enterprise-codemode,True,0.6667,0.5,1.0,0.0,6.89,1.0,0.5,6,0,3,
workforce-headcount-3,enterprise-codemode-categorized-search,True,0.8571,0.75,1.0,0.0,16.22,1.0,0.6,10,0,4,
workforce-headcount-3,enterprise-codemode-thinking,True,0.6667,0.5,1.0,0.0,12.54,1.0,0.6667,6,0,2,
workforce-headcount-3,enterprise-codemode-toolsearch,True,0.3333,0.25,0.5,0.5,21.05,1.0,0.8333,6,0,1,
workforce-headcount-3,enterprise-codemode-toolsearch-120,True,0.6667,0.5,1.0,0.0,13.82,1.0,1.0,6,0,0,
workforce-headcount-3,enterprise-mcp-codemode,True,0.6667,0.5,1.0,0.0,7.52,1.0,0.5714,7,0,3,
workforce-headcount-3,enterprise-mcp-react,True,0.6667,0.5,1.0,0.0,5.72,1.0,1.0,2,0,0,
workforce-headcount-3,enterprise-react,True,0.6667,0.5,1.0,0.0,5.68,1.0,1.0,2,0,0,
workforce-headcount-3,enterprise-react-thinking,True,0.6667,0.5,1.0,0.0,9.18,1.0,1.0,2,0,0,
workforce-headcount-3,enterprise-react-toolsearch,True,0.6667,0.5,1.0,0.0,15.19,1.0,1.0,5,0,0,
workforce-headcount-3,enterprise-react-toolsearch-120,True,0.8571,0.75,1.0,0.0,6.65,1.0,1.0,2,0,0,
workforce-headcount-3,enterprise-sql-codemode,True,0.6667,0.5,1.0,0.0,7.8,1.0,0.625,8,0,3,
workforce-headcount-3,enterprise-sql-react,True,0.6667,0.5,1.0,0.0,6.34,1.0,1.0,3,0,0,
workforce-headcount-3,minimal,True,0.0,0.0,0.0,1.0,26.3,0.0,0.0,0,0,0,
workforce-open-positions,enterprise-categorized-search,True,0.0,1.0,0.0,1.0,7.99,1.0,1.0,4,0,0,
workforce-open-positions,enterprise-codemode,True,0.5333,0.3636,1.0,0.0,26.68,1.0,0.5333,15,0,7,
workforce-open-positions,enterprise-codemode-categorized-search,True,0.0,0.0,0.0,1.0,12.89,0.0,0.4,5,0,3,
workforce-open-positions,enterprise-codemode-thinking,False,0.0,0.0,0.0,1.0,109.28,0.0,0.0,0,0,0,UsageLimitExceeded: The next request would exceed the request_limit of 50
workforce-open-positions,enterprise-codemode-toolsearch,True,0.0,0.2727,0.0,1.0,18.32,1.0,1.0,8,0,0,
workforce-open-positions,enterprise-codemode-toolsearch-120,True,0.7778,0.6364,1.0,0.0,37.09,1.0,0.75,12,0,1,
workforce-open-positions,enterprise-mcp-codemode,False,0.0,0.0,0.0,1.0,16.01,0.0,0.0,0,0,0,UnexpectedModelBehavior: Tool 'tool_list_tables' exceeded max retries count of 3
workforce-open-positions,enterprise-mcp-react,False,0.0,0.0,0.0,1.0,140.22,0.0,0.0,0,0,0,UsageLimitExceeded: The next request would exceed the request_limit of 50
workforce-open-positions,enterprise-react,True,0.4285,0.2727,1.0,0.0,39.73,1.0,1.0,3,0,0,
workforce-open-positions,enterprise-react-thinking,True,0.4285,0.2727,1.0,0.0,43.66,1.0,1.0,11,0,0,
workforce-open-positions,enterprise-react-toolsearch,True,0.0,0.0,1.0,0.0,4.41,0.0,1.0,1,0,0,
workforce-open-positions,enterprise-react-toolsearch-120,True,0.0,1.0,0.0,1.0,6.4,1.0,1.0,2,0,0,
workforce-open-positions,enterprise-sql-codemode,True,0.4285,0.2727,1.0,0.0,23.1,1.0,0.5625,16,0,7,
workforce-open-positions,enterprise-sql-react,True,0.5333,0.3636,1.0,0.0,64.51,1.0,1.0,19,0,0,
workforce-open-positions,minimal,True,0.0,0.0,1.0,0.0,12.62,0.0,0.0,0,0,0,
workforce-review-summary-10,enterprise-categorized-search,True,0.5,0.75,0.375,0.625,5.08,1.0,1.0,4,0,0,
workforce-review-summary-10,enterprise-codemode,True,0.5,0.75,0.375,0.625,6.86,1.0,0.5,6,0,3,
workforce-review-summary-10,enterprise-codemode-categorized-search,True,0.5455,1.0,0.375,0.625,8.86,1.0,0.7,10,0,3,
workforce-review-summary-10,enterprise-codemode-thinking,True,0.5,0.75,0.375,0.625,10.69,1.0,0.5,8,0,3,
workforce-review-summary-10,enterprise-codemode-toolsearch,True,0.5,0.75,0.375,0.625,9.0,1.0,1.0,6,0,0,
workforce-review-summary-10,enterprise-codemode-toolsearch-120,True,0.5,0.75,0.375,0.625,14.58,1.0,0.8571,7,0,0,
workforce-review-summary-10,enterprise-mcp-codemode,True,0.5,0.75,0.375,0.625,7.94,1.0,0.6667,6,0,2,
workforce-review-summary-10,enterprise-mcp-react,True,0.5,0.75,0.375,0.625,5.94,1.0,1.0,2,0,0,
workforce-review-summary-10,enterprise-react,True,0.5,0.75,0.375,0.625,12.23,1.0,1.0,2,0,0,
workforce-review-summary-10,enterprise-react-thinking,True,0.5,0.75,0.375,0.625,9.54,1.0,1.0,2,0,0,
workforce-review-summary-10,enterprise-react-toolsearch,True,0.4,0.25,1.0,0.0,12.12,0.0,1.0,2,0,0,
workforce-review-summary-10,enterprise-react-toolsearch-120,True,0.5,0.75,0.375,0.625,5.79,1.0,1.0,2,0,0,
workforce-review-summary-10,enterprise-sql-codemode,True,0.5,0.75,0.375,0.625,7.36,1.0,0.625,8,0,3,
workforce-review-summary-10,enterprise-sql-react,True,0.5,0.75,0.375,0.625,5.54,1.0,1.0,3,0,0,
workforce-review-summary-10,minimal,True,0.0,0.0,0.0,1.0,23.09,0.0,0.0,0,0,0,
workforce-search-finance-analysts,enterprise-categorized-search,True,0.2759,1.0,0.16,0.84,6.51,1.0,1.0,4,0,0,
workforce-search-finance-analysts,enterprise-codemode,True,0.233,0.75,0.1379,0.8621,15.53,1.0,0.5455,11,0,5,
workforce-search-finance-analysts,enterprise-codemode-categorized-search,True,1.0,1.0,1.0,0.0,18.93,1.0,0.4167,12,0,7,
workforce-search-finance-analysts,enterprise-codemode-thinking,True,0.1935,0.75,0.1111,0.8889,11.14,1.0,0.5,6,0,3,
workforce-search-finance-analysts,enterprise-codemode-toolsearch,False,0.0,0.0,0.0,1.0,137.69,0.0,0.0,0,0,0,UsageLimitExceeded: The next request would exceed the request_limit of 50
workforce-search-finance-analysts,enterprise-codemode-toolsearch-120,True,0.8,1.0,0.6667,0.3333,22.64,1.0,1.0,6,0,0,
workforce-search-finance-analysts,enterprise-mcp-codemode,True,0.7272,1.0,0.5714,0.4286,11.98,1.0,0.5,6,0,3,
workforce-search-finance-analysts,enterprise-mcp-react,True,0.2,1.0,0.1111,0.8889,18.95,1.0,1.0,5,0,0,
workforce-search-finance-analysts,enterprise-react,True,0.1935,0.75,0.1111,0.8889,18.58,1.0,1.0,4,0,0,
workforce-search-finance-analysts,enterprise-react-thinking,True,0.8571,0.75,1.0,0.0,10.66,1.0,1.0,2,0,0,
workforce-search-finance-analysts,enterprise-react-toolsearch,True,0.8571,0.75,1.0,0.0,11.62,1.0,1.0,3,0,0,
workforce-search-finance-analysts,enterprise-react-toolsearch-120,True,0.2759,1.0,0.16,0.84,7.29,1.0,1.0,2,0,0,
workforce-search-finance-analysts,enterprise-sql-codemode,True,0.8,1.0,0.6667,0.3333,17.07,1.0,0.6154,13,0,5,
workforce-search-finance-analysts,enterprise-sql-react,True,0.8966,0.8125,1.0,0.0,20.59,1.0,1.0,7,0,0,
workforce-search-finance-analysts,minimal,True,0.1176,0.0625,1.0,0.0,17.89,0.0,0.0,0,0,0,
